<?xml version="1.0" encoding="UTF-8"?>
<GenRun Id="impl_1" LaunchPart="xc7a100tcsg324-1" LaunchTime="1486532160">
  <File Type="OPT-DCP" Name="knightrider_opt.dcp"/>
  <File Type="ROUTE-STATUS-PB" Name="knightrider_route_status.pb"/>
  <File Type="PA-TCL" Name="knightrider.tcl"/>
  <File Type="RDI-RDI" Name="knightrider.vdi"/>
  <File Type="PWROPT-DRC" Name="knightrider_drc_pwropted.rpt"/>
  <File Type="OPT-METHODOLOGY-DRC" Name="knightrider_methodology_drc_opted.rpt"/>
  <File Type="INIT-TIMING" Name="knightrider_timing_summary_init.rpt"/>
  <File Type="OPT-DRC" Name="knightrider_drc_opted.rpt"/>
  <File Type="PWROPT-DCP" Name="knightrider_pwropt.dcp"/>
  <File Type="OPT-HWDEF" Name="knightrider.hwdef"/>
  <File Type="OPT-TIMING" Name="knightrider_timing_summary_opted.rpt"/>
  <File Type="PWROPT-TIMING" Name="knightrider_timing_summary_pwropted.rpt"/>
  <File Type="PLACE-DCP" Name="knightrider_placed.dcp"/>
  <File Type="PLACE-IO" Name="knightrider_io_placed.rpt"/>
  <File Type="PLACE-CLK" Name="knightrider_clock_utilization_placed.rpt"/>
  <File Type="PLACE-UTIL" Name="knightrider_utilization_placed.rpt"/>
  <File Type="PLACE-UTIL-PB" Name="knightrider_utilization_placed.pb"/>
  <File Type="PLACE-CTRL" Name="knightrider_control_sets_placed.rpt"/>
  <File Type="PLACE-SIMILARITY" Name="knightrider_incremental_reuse_placed.rpt"/>
  <File Type="PLACE-PRE-SIMILARITY" Name="knightrider_incremental_reuse_pre_placed.rpt"/>
  <File Type="PLACE-TIMING" Name="knightrider_timing_summary_placed.rpt"/>
  <File Type="POSTPLACE-PWROPT-DCP" Name="knightrider_postplace_pwropt.dcp"/>
  <File Type="POSTPLACE-PWROPT-TIMING" Name="knightrider_timing_summary_postplace_pwropted.rpt"/>
  <File Type="PHYSOPT-DCP" Name="knightrider_physopt.dcp"/>
  <File Type="PHYSOPT-DRC" Name="knightrider_drc_physopted.rpt"/>
  <File Type="PHYSOPT-TIMING" Name="knightrider_timing_summary_physopted.rpt"/>
  <File Type="ROUTE-DCP" Name="knightrider_routed.dcp"/>
  <File Type="ROUTE-BLACKBOX-DCP" Name="knightrider_routed_bb.dcp"/>
  <File Type="ROUTE-DRC" Name="knightrider_drc_routed.rpt"/>
  <File Type="ROUTE-DRC-PB" Name="knightrider_drc_routed.pb"/>
  <File Type="ROUTE-METHODOLOGY-DRC" Name="knightrider_methodology_drc_routed.rpt"/>
  <File Type="BG-BIT" Name="knightrider.bit"/>
  <File Type="ROUTE-METHODOLOGY-DRC-PB" Name="knightrider_methodology_drc_routed.pb"/>
  <File Type="ROUTE-PWR" Name="knightrider_power_routed.rpt"/>
  <File Type="ROUTE-PWR-SUM" Name="knightrider_power_summary_routed.pb"/>
  <File Type="ROUTE-PWR-RPX" Name="knightrider_power_routed.rpx"/>
  <File Type="ROUTE-STATUS" Name="knightrider_route_status.rpt"/>
  <File Type="ROUTE-TIMINGSUMMARY" Name="knightrider_timing_summary_routed.rpt"/>
  <File Type="ROUTE-TIMING-PB" Name="knightrider_timing_summary_routed.pb"/>
  <File Type="ROUTE-TIMING-RPX" Name="knightrider_timing_summary_routed.rpx"/>
  <File Type="ROUTE-SIMILARITY" Name="knightrider_incremental_reuse_routed.rpt"/>
  <File Type="ROUTE-CLK" Name="knightrider_clock_utilization_routed.rpt"/>
  <File Type="POSTROUTE-PHYSOPT-DCP" Name="knightrider_postroute_physopt.dcp"/>
  <File Type="POSTROUTE-PHYSOPT-BLACKBOX-DCP" Name="knightrider_postroute_physopt_bb.dcp"/>
  <File Type="POSTROUTE-PHYSOPT-TIMING" Name="knightrider_timing_summary_postroute_physopted.rpt"/>
  <File Type="POSTROUTE-PHYSOPT-TIMING-PB" Name="knightrider_timing_summary_postroute_physopted.pb"/>
  <File Type="POSTROUTE-PHYSOPT-TIMING-RPX" Name="knightrider_timing_summary_postroute_physopted.rpx"/>
  <File Type="BG-BIN" Name="knightrider.bin"/>
  <File Type="BITSTR-MSK" Name="knightrider.msk"/>
  <File Type="BITSTR-RBT" Name="knightrider.rbt"/>
  <File Type="BITSTR-NKY" Name="knightrider.nky"/>
  <File Type="BITSTR-BMM" Name="knightrider_bd.bmm"/>
  <File Type="BITSTR-MMI" Name="knightrider.mmi"/>
  <File Type="BITSTR-SYSDEF" Name="knightrider.sysdef"/>
  <File Type="BG-BGN" Name="knightrider.bgn"/>
  <File Type="BG-DRC" Name="knightrider.drc"/>
  <File Type="WBT-USG" Name="usage_statistics_webtalk.html"/>
  <FileSet Name="sources" Type="DesignSrcs" RelSrcDir="$PSRCDIR/sources_1">
    <Filter Type="Srcs"/>
    <File Path="$PSRCDIR/sources_1/new/counter4.vhd">
      <FileInfo>
        <Attr Name="UsedIn" Val="synthesis"/>
        <Attr Name="UsedIn" Val="simulation"/>
      </FileInfo>
    </File>
    <File Path="$PSRCDIR/sources_1/new/addrcounterreal.vhd">
      <FileInfo>
        <Attr Name="UsedIn" Val="synthesis"/>
        <Attr Name="UsedIn" Val="simulation"/>
      </FileInfo>
    </File>
    <File Path="$PSRCDIR/sources_1/new/addrcounter.vhd">
      <FileInfo>
        <Attr Name="UsedIn" Val="synthesis"/>
        <Attr Name="UsedIn" Val="simulation"/>
      </FileInfo>
    </File>
    <File Path="$PSRCDIR/sources_1/new/knightrider.vhd">
      <FileInfo>
        <Attr Name="UsedIn" Val="synthesis"/>
        <Attr Name="UsedIn" Val="simulation"/>
      </FileInfo>
    </File>
    <Config>
      <Option Name="DesignMode" Val="RTL"/>
      <Option Name="TopModule" Val="knightrider"/>
      <Option Name="TopAutoSet" Val="TRUE"/>
    </Config>
  </FileSet>
  <FileSet Name="constrs_in" Type="Constrs" RelSrcDir="$PSRCDIR/constrs_1">
    <Filter Type="Constrs"/>
    <File Path="$PSRCDIR/constrs_1/new/constr.xdc">
      <FileInfo>
        <Attr Name="UsedIn" Val="synthesis"/>
        <Attr Name="UsedIn" Val="implementation"/>
      </FileInfo>
    </File>
    <Config>
      <Option Name="ConstrsType" Val="XDC"/>
    </Config>
  </FileSet>
  <Strategy Version="1" Minor="2">
    <StratHandle Name="Vivado Implementation Defaults" Flow="Vivado Implementation 2015"/>
    <Step Id="init_design"/>
    <Step Id="opt_design"/>
    <Step Id="power_opt_design"/>
    <Step Id="place_design"/>
    <Step Id="post_place_power_opt_design"/>
    <Step Id="phys_opt_design"/>
    <Step Id="route_design"/>
    <Step Id="post_route_phys_opt_design"/>
    <Step Id="write_bitstream"/>
  </Strategy>
</GenRun>
